,0
0,
1,
2,
3,
4,
5,
6,
7,
8,
9,
10,
11,
12,
13,
14,
15,
16,
17,
18,
19,
20,
21,
22,
23,
24,
25,
26,
27,
28,
29,
30,
31,
32,
33,
34,
35,
36,
37,
38,
39,
40,0.04177235290408134
41,0.01871594963595271
42,0.016153900884091854
43,0.014959023147821427
44,0.015657111816108227
45,0.011010045744478702
46,0.009990512905642391
47,0.008066303608939052
48,0.005415013595484197
49,0.0038481987779960037
50,0.00425388477742672
51,0.0030675009824335576
52,0.00464608920738101
53,0.003537838952615857
54,0.0025456552160903812
55,0.0023329740157350897
56,0.0034467921126633883
57,0.0017069270426873118
58,0.0031949903117492796
59,0.001802514912560582
60,0.0023054621298797427
61,0.002808986697345972
62,0.0024094235501252114
63,0.001541442034067586
64,0.0012082463130354882
65,0.004495210468303412
66,0.0016217899945331737
67,0.00125266935210675
68,0.0012282190029509366
69,0.0019876482139807193
70,0.0012181980884633959
71,0.0017199490801431238
72,0.0013192183570936323
73,0.001868626440409571
74,0.0012803386780433357
75,0.0012086933478713036
76,0.002155724086333066
77,0.0014850735140498727
78,0.0010162740654777735
79,0.0012348708347417413
80,0.0010299082554411144
81,0.001114152098307386
82,0.0019042185856960713
83,0.001310491852927953
84,0.001686620817054063
85,0.0014628842414822429
86,0.0016535531845875084
87,0.0010141492821276188
88,0.0013559127401094884
89,0.002176785230403766
90,0.0007961178198456764
91,0.0009475382365053519
92,0.0010548115678830072
93,0.00138290936301928
94,0.0016561783326324076
95,0.002128019533120096
96,0.002279182174243033
97,0.0014193914219504222
98,0.0010087523027323187
99,0.0011901934893103316
100,0.0015320062579121442
101,0.0009377407899592072
102,0.0010130748501978814
103,0.0013929547334555537
104,0.0008866486517945304
105,0.001042795507237315
106,0.001428379025310278
107,0.0012486563646234572
108,0.0010570068610832096
109,0.0010277731664245949
110,0.0010182516067288815
111,0.0007816665107384324
112,0.0009955252055078745
113,0.001247303234413266
114,0.0008954196324339137
115,0.001035581302130595
116,0.0017967840423807502
117,0.0012659683299716562
118,0.0010598015505820513
119,0.0007920540665509179
120,0.0012594499945407732
121,0.0006872414756799117
122,0.0014319294074084609
123,0.0012122507323510945
124,0.0018327568366657942
125,0.0012674782774411142
126,0.0008977703779237345
127,0.00084522565593943
128,0.0018284136662259699
129,0.0011176964093465359
130,0.0009041658078785986
131,0.0008648145769257099
132,0.0014481071149930358
133,0.001349210215266794
134,0.001054410549113527
135,0.001320378968375735
136,0.0009470664255786688
137,0.0006861957139335573
138,0.0006618287065066397
139,0.0012433421332389116
140,0.0015802936104591936
141,0.0013006985769607126
142,0.0010141298145754263
143,0.001173793157795444
144,0.0008258093323092908
145,0.0015983727294951676
146,0.0011059637821745128
147,0.0010757734504295512
148,0.001142645310028456
149,0.0009938876377418638
150,0.0007640340598300099
151,0.0008302604896016419
152,0.0011425075004808604
153,0.0011646537488559261
154,0.0008509513223543763
155,0.0006877128704218194
156,0.0007340185402426869
157,0.0010815873683895916
158,0.0009479618689510972
159,0.0009675976994913072
160,0.0009159787703538313
161,0.0009042193065397442
162,0.0010067785682622344
163,0.0009025058301631361
164,0.0012423331267200411
165,0.000681951831211336
166,0.0009072122047655284
167,0.0008495051763020456
168,0.0009516873193206266
169,0.0011674040695652365
170,0.001129275228595361
171,0.0007485014706617221
172,0.000817392225144431
173,0.0014103360241279005
174,0.0010901388595812023
175,0.0013135340908775107
176,0.0008917218976421282
177,0.0007074691617162898
178,0.0013638787902891635
179,0.000869925890583545
180,0.001782863578409888
181,0.0007598034397233277
182,0.0013981464027892799
183,0.0011886495281942188
184,0.0009364014491438866
185,0.0013395636837230996
186,0.0006195783498696983
187,0.000985642260638997
188,0.001027315473766066
189,0.0012009444879367947
190,0.0009969578590244056
191,0.0010381753731053323
192,0.0008951064868597314
193,0.0011614746967097745
194,0.0007517208228819072
195,0.0008057561644818634
196,0.0008477552386466414
197,0.0010370583971962334
198,0.0009264195978175849
199,0.001503675355343148
200,0.0007549621077487245
201,0.0008803725359030068
202,0.0008188523934222758
203,0.0006242949864827096
204,0.0009843900887062773
205,0.0009374403598485515
206,0.0007447916257660836
207,0.0008699218917172403
208,0.0013284907501656563
209,0.0009078220638912172
210,0.0006656564946752042
211,0.0009971845254767686
212,0.0008193478221073747
213,0.0008379119273740799
214,0.0010177835298236459
215,0.0011617057753028348
216,0.000826315174344927
217,0.0009328226209618151
218,0.0006111750320997089
219,0.0008754212583880871
220,0.0008799074799753726
221,0.001334814343135804
222,0.0009148572687990963
223,0.000971155017032288
224,0.0008141078636981547
225,0.0007713990809861571
226,0.0011302040686132387
227,0.0010038709559012204
228,0.0008286460710223764
229,0.0007894392154412344
230,0.0007979062531376258
231,0.0009838550875429064
232,0.0011522478132974356
233,0.0007529636204708368
234,0.0010664200788596645
235,0.0006887640425702557
236,0.0008821677445666864
237,0.0007141516078263521
238,0.000981000135652721
239,0.0010212197696091608
240,0.0009636018774472177
241,0.0007202706416137517
242,0.0010343603615183383
243,0.0006038613777491264
244,0.000858762042480521
245,0.0009741575922816992
246,0.0010402541141957045
247,0.0008591155579779297
248,0.000653956425958313
249,0.0007512809039326385
250,0.0007055079069687054
251,0.0006964936328586191
252,0.0010274152155034244
253,0.0006672215444268659
254,0.0010614328028168529
255,0.0007326021994231268
256,0.0006601364410016685
257,0.0009794930359930732
258,0.0010001596208894625
259,0.0006676934513961897
260,0.0009926407074090093
261,0.0007572996168164536
262,0.000776648853207007
263,0.0009724389296025038
264,0.0009605811996152624
265,0.001267499552341178
266,0.000890605547465384
267,0.0005592430185060948
268,0.0005899907002458349
269,0.0007533405412686988
270,0.0008862473099725321
271,0.000995714752934873
272,0.0007404420553939417
273,0.0011136582936160267
274,0.0008442986145382747
275,0.0007123535469872877
276,0.0007077566639054567
277,0.0009004058869322762
278,0.0013116634567268194
279,0.001248005562229082
280,0.0009754949249327182
281,0.0008167803956894204
282,0.0008470097091048956
283,0.0008615470316726715
284,0.0006457591633079573
285,0.0006113613679190166
286,0.0006789438659325242
287,0.0011776877567172051
288,0.000730564807599876
289,0.0004731465407530777
290,0.0008081904903519899
291,0.0010038185748271645
292,0.0006736793991876766
293,0.0008004902396351099
294,0.000701296262559481
295,0.00061068247014191
296,0.0005467064387630671
297,0.000867781724082306
298,0.000987644644919783
299,0.0006478806608356535
300,0.0009519644372630864
301,0.0006447123945690691
302,0.0013446579338051378
303,0.0005556689138757065
304,0.000591145473299548
305,0.0006049683259334415
306,0.0006397244462277741
307,0.0008094517106655985
308,0.0006986729451455176
309,0.0007865514286095277
310,0.0006427409709431231
311,0.0006337818485917524
312,0.00046676223282702265
313,0.0006489489605883136
314,0.001024648768361658
315,0.0006335229918477125
316,0.0006483808741904795
317,0.0006366103538312018
318,0.0005376591449021362
319,0.0006264762807404623
320,0.0011025148356566205
321,0.0005125909345224499
322,0.0005709822085918859
323,0.0006799172260798514
324,0.0007525664841523394
325,0.0009217701968736947
326,0.0005405101226642727
327,0.0007022583798971027
328,0.0005281658901367337
329,0.0007244826381793245
330,0.0008100943639874458
331,0.0004946794331772252
332,0.0006863537710160017
333,0.0008093518699752167
334,0.0007113809551810846
335,0.0006841463706223294
336,0.0006148087239125743
337,0.0006575306528247893
338,0.0009217369370162487
339,0.0011718453781213612
340,0.0006079055048758164
341,0.0006201308831805363
342,0.0006524830183479935
343,0.0007811410207068548
344,0.0006200156785780564
345,0.0006085191605961881
346,0.0005233991018030792
347,0.0005531663307920098
348,0.00042031774355564264
349,0.0006096637924201786
350,0.0006483815450337715
351,0.0009798647835850716
352,0.0005097750952700153
353,0.000683683855459094
354,0.0006273021950619295
355,0.0006148825166746974
356,0.0005582411773502827
357,0.0006401870108675211
358,0.0005741949775256216
359,0.0005341138457879424
360,0.00046523309720214456
361,0.0006009542470565066
362,0.0006554914027219639
363,0.0005499433755176142
364,0.0006860952882561833
365,0.0007430575278704055
366,0.0005114208135637455
367,0.0006687214234261773
368,0.0006312175770290196
369,0.0009354191381135025
370,0.0014298290829174221
371,0.0006494820583611727
372,0.0007978249836014583
373,0.0008934593992307782
374,0.0005649814382195472
375,0.0005835950782056898
376,0.0006026230956194922
377,0.0007551015733042732
378,0.0007141191250411794
379,0.0006435597140807658
380,0.0006324454137939028
381,0.0005354653185349889
382,0.0006048495532013475
383,0.00047406848752871154
384,0.0010859097877983005
385,0.000650378770660609
386,0.0004457147850189358
387,0.0005152377707418054
388,0.0009525082597974688
389,0.0006754812726285309
390,0.0007169561926275491
391,0.00041110864258371295
392,0.0006629421201068908
393,0.0006841797381639481
394,0.0006222703726962209
395,0.0004988647764548659
396,0.0006215467379661277
397,0.0009623952268157154
398,0.0007521556719439105
399,0.0005811506503960118
400,0.0006330816948320716
401,0.0005879278091015294
402,0.000488377592409961
403,0.0009220813284628093
404,0.0005240848448011092
405,0.00063318042375613
406,0.0004890729032922536
407,0.0005666042328812182
408,0.000712083448888734
409,0.0006482976081315428
410,0.0006726534600602462
411,0.0007076849287841469
412,0.0005730446777306497
413,0.0005165701528312639
414,0.0005244547210168093
415,0.0005780237595899961
416,0.0009441192931262776
417,0.0011675090732751413
418,0.00045565446489490566
419,0.0006544367934111506
420,0.000733189465245232
421,0.00044542234536493197
422,0.0005769918963778764
423,0.001200498128309846
424,0.0008574667212087661
425,0.0006332056102110073
426,0.00046796487004030496
427,0.000450321426615119
428,0.0006258004577830434
429,0.0009417729364940896
430,0.0012016386637696997
431,0.0007346700032940135
432,0.000763703731354326
433,0.000458904227707535
434,0.0005108480661874637
435,0.0007001625664997846
436,0.0012631724384846166
437,0.0008063821529503912
438,0.0006670819595456124
439,0.0005384547999710776
440,0.0006259661517105996
441,0.000904120720224455
442,0.0005141931265825406
443,0.0007093786232871934
444,0.0005881560151465237
445,0.0004983769642421976
446,0.0012992212898097933
447,0.0008553436055080965
448,0.0007932719978271052
449,0.0006865071278298274
450,0.0005106248951051384
451,0.0007429427292663604
452,0.0006572464160853996
453,0.0004761590898851864
454,0.0008109500486170873
455,0.0006421950849471614
456,0.0005988496704958379
457,0.0008740555756958201
458,0.0007672470848774538
459,0.0007628608087543398
460,0.0004855858802329749
461,0.0008785148267634213
462,0.0016456804471090436
463,0.000851101367152296
464,0.0005612373963231221
465,0.0005720403103623539
466,0.0005161702138138935
467,0.0006319539184914902
468,0.0007866353495046497
469,0.00042808987491298466
470,0.0007033168221823871
471,0.0005878901138203219
472,0.0005217694881139324
473,0.0005633894470520318
474,0.0004169513995293528
475,0.0007959405978908762
476,0.0008444991399301216
477,0.0007317248688195832
478,0.0005714287341106683
479,0.0005349366372684016
480,0.0005606021237326786
481,0.0005158017069334164
482,0.0005036438989918679
483,0.0006268741621170193
484,0.000626821958576329
485,0.000554442114662379
486,0.0007841235143132508
487,0.0006851842583273538
488,0.0005061103613115848
489,0.0007225088484119624
490,0.0007454005826730281
491,0.0005025970312999561
492,0.0004882255103439093
493,0.0005384621385019272
494,0.0005256622098386288
495,0.000753985668416135
496,0.0007150186778744682
497,0.000666232142248191
498,0.00047494497266598046
499,0.0006849901677924208
500,0.0005589742359006777
501,0.0010693443880882114
502,0.0004834712017327547
503,0.000762174793635495
504,0.0005016481358325109
505,0.0004556440544547513
506,0.0007874477450968698
507,0.0010305417497875168
508,0.0007453952392097562
509,0.0006995873991400003
510,0.0003782522413530387
511,0.000501638364221435
512,0.000520683013019152
513,0.0007709803205216304
514,0.0004877922649029642
515,0.0006242715870030224
516,0.0007096662273397669
517,0.0008668835915159434
518,0.0009398865135153755
519,0.000717665019328706
520,0.0010268351397826336
521,0.0005061954594566487
522,0.0005358922207960859
523,0.0005323424702510238
524,0.0006109552079578862
525,0.0006781304895412177
526,0.0006660675397142767
527,0.0006603289322811179
528,0.0005434173624962568
529,0.000717386303585954
530,0.0006232370797079057
531,0.0007221303443657234
532,0.0005880881042685359
533,0.0013362077763304115
534,0.0007370181221631356
535,0.0006913852586876601
536,0.0005435180588392541
537,0.00107831668574363
538,0.0007165703573264182
539,0.0006419162265956402
540,0.0005702258844394237
541,0.0003155321886879392
542,0.0006702944607241079
543,0.0009594210190698504
544,0.0005403815623139963
545,0.0007247002969961614
546,0.0006141049118014053
547,0.0007566773565486073
548,0.0006304753187578171
549,0.0005364648444810882
550,0.0005817406607093289
551,0.00047282462037401274
552,0.0005804365297080949
553,0.000527860369766131
554,0.0006194683577632531
555,0.0005348053397028707
556,0.0004957752651534974
557,0.0006606701324926689
558,0.00039784717228030786
559,0.0005319319010595791
560,0.0005123948532855139
561,0.0006222527037607506
562,0.0010472616733750329
563,0.000518787425244227
564,0.00040582526999060063
565,0.0005771356227342039
566,0.0003927193421986885
567,0.0009645784390158951
568,0.0007557260585599578
569,0.00046564914810005577
570,0.000450326461577788
571,0.000427423718792852
572,0.00038782353221904485
573,0.0006588478398043662
574,0.0006753562454832717
575,0.0003420122229726985
576,0.0004898633254924789
577,0.0006143450853414833
578,0.0004196676702122204
579,0.0004210848434013315
580,0.0005381898168707267
581,0.0005106388300191611
582,0.0006757355120498687
583,0.0012082715664291754
584,0.0004949616472003981
585,0.0003967087759519927
586,0.0005088715130113997
587,0.0011012170725734904
588,0.000613268106826581
589,0.0004996035248041153
590,0.0006068562768632546
591,0.00047214335645548997
592,0.0008506263955496251
593,0.0004672474788094405
594,0.0004811598977539688
595,0.000518947618547827
596,0.0005219904385739937
597,0.000670368832652457
598,0.0017287099559325724
599,0.000664966314798221
600,0.0007101537456037476
601,0.00046004450996406376
602,0.00046387857873924075
603,0.00045868314045947043
604,0.0008383076637983322
605,0.0005716941581340506
606,0.00042421020625624804
607,0.0005458356783492491
608,0.0005077210662420839
609,0.00044846666423836723
610,0.0005576092400588096
611,0.0005254377116216347
612,0.0005390447986428626
613,0.0005295373033732176
614,0.0004514921718509868
615,0.0005801594059448689
616,0.00045718948822468517
617,0.000594494616962038
618,0.0011065739905461668
619,0.0006063515989808366
620,0.001166477840160951
621,0.0005305322411004454
622,0.0007211707503302023
623,0.00043861115409526974
624,0.0005415393301518634
625,0.0007548768975539133
626,0.0005229032569332049
627,0.0006826695374911651
628,0.0004002324189059436
629,0.0005106636410346255
630,0.00048637949221301823
631,0.0003522411672747694
632,0.0005480807478306815
633,0.0008636364262201823
634,0.0005167931158212014
635,0.0006506285659270361
636,0.0005542897124541923
637,0.0005875391158042476
638,0.0008070313808275387
639,0.0004967657907400281
640,0.0007245568791404367
641,0.0007927863684017211
642,0.0005409663077443838
643,0.00048505599406780677
644,0.0003650929997093044
645,0.0004457784976693802
646,0.0009282504644943402
647,0.0003712575417011976
648,0.0005418284563347697
649,0.0004580846318276599
650,0.00047051092551555487
651,0.0006439721124479547
652,0.0006512153602670878
653,0.00037429553049150854
654,0.0004214110886096023
655,0.0003915419525583275
656,0.00044922449451405554
657,0.00044092651369282977
658,0.000465185398934409
659,0.0008673189062392339
660,0.000438677633064799
661,0.00048723279032856224
662,0.00044671956275124105
663,0.00046358934050658716
664,0.0004574540609610267
665,0.0004450119085959159
666,0.0005802620726171881
667,0.00048480359837412836
668,0.0004594632686348632
669,0.00036064945452380927
670,0.0003615122754126787
671,0.0004828559438465163
672,0.0003792962495936081
673,0.0005421855254098773
674,0.0007314168207813055
675,0.0004683838633354753
676,0.0006293851634836756
677,0.0003807867047726177
678,0.0003597024900955148
679,0.0004435611612279899
680,0.0005163352470844984
681,0.0004545258227153681
682,0.00040387012268183753
683,0.0003919180337106809
684,0.00042355989862699064
685,0.0005776298785349354
686,0.00034616590855875986
687,0.0005010749868233688
688,0.000685007029096596
689,0.00037523663777392355
690,0.00046062598703429104
691,0.0004438546922756359
692,0.00040705435385461896
693,0.000511340776574798
694,0.0004771181498654187
695,0.0005692858801921829
696,0.00036056405515410005
697,0.0007032965164398775
698,0.00047000943159218876
699,0.0006247272685868666
700,0.00045541786967078223
701,0.0003741338456165977
702,0.0013504538132110611
703,0.000524160815984942
704,0.0004596678452799097
705,0.0005219596758252009
706,0.0003484706423478201
707,0.0005692485952749849
708,0.0004575991901219822
709,0.0003030175124877132
710,0.00048461636470165104
711,0.0005006141029298306
712,0.000553242865134962
713,0.0004143208658206277
714,0.0005425988027127459
715,0.00031513711874140424
716,0.0005656596593325957
717,0.0004772511776536703
718,0.0005298516887705773
719,0.0005330643034540117
720,0.00029672827658941967
721,0.00039170732779894026
722,0.00042538886482361703
723,0.00047599952085874975
724,0.0012932102486956864
725,0.0003862901809043251
726,0.0002770198596408591
727,0.0006805976154282689
728,0.0005086051649414002
729,0.0004248696204740554
730,0.0004977089847670868
731,0.0004201693809591234
732,0.00040046750073088335
733,0.00047786246286705134
734,0.0004443140613147989
735,0.000575241501792334
736,0.00042431772890267895
737,0.00031306109158322213
738,0.0004113378905458376
739,0.0004417239426402375
740,0.0004729865904664621
741,0.00063826764235273
742,0.0009769268726813607
743,0.0007372480875346809
744,0.000426087953383103
745,0.0005780149382189848
746,0.0004618625127477571
747,0.0005239109581452794
748,0.0004411861678818241
749,0.0005750195239670574
750,0.0004047772032208741
751,0.0008717315009562299
752,0.0004554167899186723
753,0.000539614717126824
754,0.00048489835462532936
755,0.0005269118555588648
756,0.0005457794817630201
757,0.0003840322809992358
758,0.00045395790075417606
759,0.0003825156367383897
760,0.0003800042293732986
761,0.00034342107392149046
762,0.00048580361326457935
763,0.00036740311043104157
764,0.00042414775380166246
765,0.00038949728332227096
766,0.0007036609837086871
767,0.0005249726440524682
768,0.00042793927423190325
769,0.0004960543956258334
770,0.00035966587893199176
771,0.0003974792984081432
772,0.0005303206999087706
773,0.000522431789431721
774,0.0003850809342111461
775,0.0004742269855341874
776,0.0003593058587284759
777,0.0003751708602067083
778,0.00045157670974731444
779,0.0005600594784482382
780,0.0003349649254232645
781,0.0007368537102593109
782,0.000842475623358041
783,0.00039459570107283073
784,0.00042545303440419955
785,0.000537270736094797
786,0.00045061336422804745
787,0.0004473534412682056
788,0.0006898526218719781
789,0.0005046952923294157
790,0.0005097794462926685
791,0.0004460733427549712
792,0.0003884740697685629
793,0.0006047668721294031
794,0.0005474462610436604
795,0.0003977172018494457
796,0.00045895642833784225
797,0.0006447232313803397
798,0.000753751554293558
799,0.000458366192469839
800,0.0005094395048217848
801,0.0003456651567830704
802,0.0006591323675820604
803,0.00035681792942341415
804,0.0005730358796427026
805,0.0005820785692776554
806,0.0005357000947697089
807,0.0003666672972030938
808,0.00044726535998051986
809,0.0005161083274288103
810,0.00033037296525435523
811,0.00047847791865933685
812,0.0005808700443594716
813,0.0006298692242125981
814,0.00038006965769454837
815,0.0005469370313221589
816,0.0005326246813638136
817,0.00043487909133546057
818,0.0003295791568234563
819,0.0004085076623596251
820,0.00040012239769566805
821,0.0007420496112899855
822,0.0006350945302983745
823,0.00035867282713297755
824,0.0005060117779066786
825,0.0004671066184528172
826,0.0004943990963511169
827,0.0006355456542223692
828,0.00040569158445578066
829,0.0004699661338236183
830,0.0008041674882406369
831,0.0005611834581941366
832,0.00046633651363663374
833,0.0004733469482744113
834,0.0006331393989967183
835,0.0005349941202439368
836,0.0005892646498978138
837,0.00045875614596297966
838,0.0005127305310452357
839,0.00036100967990932987
840,0.0003427920557442121
841,0.00053433235589182
842,0.0007028274223557674
843,0.0004416244220919907
844,0.0004897910737781785
845,0.00041262356826337053
846,0.0003207243818906136
847,0.0006804038872360252
848,0.0005233433330431581
849,0.000610532599966973
850,0.00044109543669037523
851,0.00036839617532677946
852,0.0007732461977866478
853,0.0004013141136965714
854,0.00041891267173923554
855,0.0004373794901766814
856,0.0006369539449224248
857,0.0004855749371927232
858,0.0005251597875030711
859,0.000842308287974447
860,0.00044218139082659037
861,0.0003507494242512621
862,0.0004759088420541957
863,0.0003956171276513487
864,0.00030130922968965026
865,0.0003374980005901307
866,0.00030495315440930425
867,0.00035950165620306506
868,0.0004239635862177238
869,0.0004946194298099726
870,0.0006887134775752201
871,0.00040789569029584525
872,0.00044741926976712423
873,0.0005130596284288913
874,0.0005410410129115916
875,0.0003688900702400133
876,0.00031142085790634153
877,0.00035981200344394895
878,0.00040140672790585087
879,0.00039720483764540406
880,0.00041446609247941524
881,0.0008631003525806591
882,0.00041975675558205696
883,0.00032182580907829105
884,0.00044731609959853814
885,0.00035090751625830305
886,0.0007230942370370031
887,0.000975721815484576
888,0.00036288838600739837
889,0.0005805270819109864
890,0.00034611259761732074
891,0.00038730796513846143
892,0.0004804449563380331
893,0.0005393259838456288
894,0.0004891159798717127
895,0.0003092788450885564
896,0.0003800563979893923
897,0.0003486442845314741
898,0.0004246243363013491
899,0.0005702336071408354
900,0.0003875478592817672
901,0.0005630505533190444
902,0.00038654616655549036
903,0.0005091674596769735
904,0.00037959255860187113
905,0.00043069776438642293
906,0.00029362236673478035
907,0.0004137410694966093
908,0.00041513990727253257
909,0.000515372479276266
910,0.0003532635470037349
911,0.0013671123160747811
912,0.00045998260466149075
913,0.0004884758804109879
914,0.0006076246791053563
915,0.00047947339480742813
916,0.0003745426423847675
917,0.0005773229466285556
918,0.00047530741503578613
919,0.0005829725065268576
920,0.00035503149556461724
921,0.0003042359865503386
922,0.000499664296512492
923,0.00041450490534771233
924,0.000575605379708577
925,0.0006377203710144386
926,0.00042985073960153384
927,0.0003997852531028911
928,0.000636019189551007
929,0.0009092578489799053
930,0.0006314412952633574
931,0.0006039289481122978
932,0.0003046510741114616
933,0.00028607495478354393
934,0.0004138528660405427
935,0.0005074212473118678
936,0.00045093161752447487
937,0.0006469666928751394
938,0.0003180127459927462
939,0.0004441851546289399
940,0.00038331285904860126
941,0.00039747507544234394
942,0.0008565924246795476
943,0.0006265351083129644
944,0.0004056624689837918
945,0.00042264158109901474
946,0.00040494717395631594
947,0.0009610887194867246
948,0.0003524289233610034
949,0.00041106882417807356
950,0.0004965236585121602
951,0.0005556495583732612
952,0.0003176761034410447
953,0.0006408422254025936
954,0.00038745596539229154
955,0.0004056050078361295
956,0.00040734348294790834
957,0.00047371857799589635
958,0.0004511930033913814
959,0.0005224084976362065
960,0.0003772485491936095
961,0.00048512653593206777
962,0.00044501898955786603
963,0.0005974724364932627
964,0.00031385157344629986
965,0.0004613894619978964
966,0.0005981794645776972
967,0.0004172988672507927
968,0.00036538285930873824
969,0.00045986835611984135
970,0.00036683375365100803
971,0.00046186445106286553
972,0.0004971505841240287
973,0.00046233184402808545
974,0.0006426886306144297
975,0.0003850712106213905
976,0.00032365598308388145
977,0.0006290968420216813
978,0.00036318344355095177
979,0.000499276872142218
980,0.0005001011799322441
981,0.0004178819493972696
982,0.0007790536765241995
983,0.000264177612552885
984,0.00033642186317592857
985,0.00036754885222762824
986,0.00046911912941141056
987,0.0006145182531327009
988,0.0003857613221043721
989,0.0004169947118498385
990,0.00048333334998460484
991,0.00031918306631268934
992,0.0004207811361993663
993,0.0004946751607349143
994,0.0005269544766633771
995,0.00033404532296117396
996,0.000625899106671568
997,0.0004290667100576684
998,0.0004426589177455753
999,0.00037800125865032895
1000,0.0003108532706391998
1001,0.00035178455436835065
1002,0.0004004601694759913
1003,0.00036188494996167717
1004,0.00037528867251239716
1005,0.00028481995541369544
1006,0.00031249158055288715
1007,0.0005065252917120233
1008,0.0003785326000070199
1009,0.0003552661408321001
1010,0.0005609634215943515
1011,0.00047626243031118065
1012,0.0005051320797065273
1013,0.0005535639778827317
1014,0.0005005888117011637
1015,0.0005326020342181437
1016,0.0005866372186574154
1017,0.00041265110339736564
1018,0.00046678561193402857
1019,0.0008654042292619124
1020,0.0007055750204017386
1021,0.0009325486433226615
1022,0.0009838948724791407
1023,0.0003429235279327258
1024,0.00045388373255264016
1025,0.0004228198013151996
1026,0.0005015327624278143
1027,0.0007678927038796246
1028,0.0005499699793290347
1029,0.0005214807897573337
1030,0.0005524718872038648
1031,0.0004950168280629441
1032,0.0004289398624678142
1033,0.0004905905632767826
1034,0.0004524103365838528
1035,0.000442765376647003
1036,0.00047842824715189637
1037,0.00041087995195994155
1038,0.0004670058900956064
1039,0.0004995103314286098
1040,0.00039633371634408834
1041,0.0003606170561397448
1042,0.0004545671807136387
1043,0.0006251420010812581
1044,0.0003186539208400063
1045,0.0004962713588611223
1046,0.0004488277350901626
1047,0.00031556635367451235
1048,0.0004110833804588765
1049,0.0003519318299368024
1050,0.0003679478424601257
1051,0.0004984147963114083
1052,0.0005804223095765337
1053,0.00044840838672826066
1054,0.0003402396017918363
1055,0.0003820881131105125
1056,0.0003069473576033488
1057,0.00034521645866334436
1058,0.0007907928986242041
1059,0.0005481054657138884
1060,0.0004767422622535378
1061,0.0004711539120762609
1062,0.0003282916426542215
1063,0.0003558164316928014
1064,0.0004415894887642935
1065,0.00031197695061564447
1066,0.0004899509600363672
1067,0.00044429393310565504
1068,0.0003178208047756925
1069,0.0003673526880447753
1070,0.0004959599318681285
1071,0.000448437879094854
1072,0.00056659574911464
1073,0.00036938035045750437
1074,0.0005305457802023738
1075,0.0004951978451572358
1076,0.00039110968937166034
1077,0.00039157567662186923
1078,0.0006979321566177532
1079,0.00042463212157599627
1080,0.000625948773813434
1081,0.0003848995213047601
1082,0.0004246948490617797
1083,0.0006858329608803615
1084,0.000400876413914375
1085,0.00026353495195508003
1086,0.00035003938537556676
1087,0.0004313314886530861
1088,0.0005563760583754629
1089,0.00028402234020177277
1090,0.0005173225188627839
1091,0.000561057346931193
1092,0.0005200338724534959
1093,0.0003860572265693918
1094,0.00043528167007025333
1095,0.00028073762223357335
1096,0.0003616884830989875
1097,0.0005113981489557773
1098,0.00039448183815693483
1099,0.00043194892059545965
1100,0.0009020299956318922
1101,0.0004492784573812969
1102,0.0004005646042060107
1103,0.0003509026748361066
1104,0.0003873634967021644
1105,0.00046199950156733394
1106,0.000872356686159037
1107,0.0005376321758376434
1108,0.0003935630316846073
1109,0.00031599152425769715
1110,0.00038625788001809267
1111,0.000400252005783841
1112,0.001088413264369592
1113,0.0005009494401747361
1114,0.0004315402591601014
1115,0.0003931735278456472
1116,0.00039594855188624934
1117,0.0003677810891531408
1118,0.0006125435349531472
1119,0.0004050817689858377
1120,0.0005107438992126845
1121,0.00041896627371897923
1122,0.000325783746666275
1123,0.000644796657434199
1124,0.00027778113435488193
1125,0.0003575313079636544
1126,0.0004084387677721679
1127,0.0004340807208791375
1128,0.0005980242334771901
1129,0.0005385365133406594
1130,0.0004236926368321292
1131,0.0003231942537240684
1132,0.0005341777519788593
1133,0.0003195447978214361
1134,0.00037005339108873157
1135,0.0003090019614319317
1136,0.00048502787976758557
1137,0.0004157117335125804
1138,0.0004585154907545075
1139,0.0003654949687188491
1140,0.0004944852305925451
1141,0.00038517325883731247
1142,0.0004200180163024925
1143,0.0003549277374986559
1144,0.00048684010980650785
1145,0.0007033399888314307
1146,0.00031905686773825437
1147,0.0006959903257666156
1148,0.0003766495065065101
1149,0.0004365877335658297
1150,0.0005639030219754204
1151,0.00046980232145870103
1152,0.0005513118492672219
1153,0.00033263349905610085
1154,0.0004143072859733365
1155,0.0003636018285760656
1156,0.0003449323907261714
1157,0.0004041681881062686
1158,0.0005299044409184716
1159,0.0005232771014561877
1160,0.0006621836713748052
1161,0.0003977823274908587
1162,0.0003936304870876484
1163,0.00036060173151781784
1164,0.0003237093245843425
1165,0.00037637303466908634
1166,0.0003192988777300343
1167,0.0005563158687436953
1168,0.0004075699194800109
1169,0.0011100541945779697
1170,0.0007971198887389619
1171,0.0005996252468321473
1172,0.0005799456994282082
1173,0.00045978856651345267
1174,0.0003178683458827436
1175,0.0003600137366447598
1176,0.00035849890555255114
1177,0.0008187602361431345
1178,0.0005340605013770983
1179,0.00036919284466421234
1180,0.0002975644965772517
1181,0.0004360616454505362
1182,0.00035663994640344754
1183,0.0004287948919227347
1184,0.000418456933402922
1185,0.00034441221214365214
1186,0.0009754405735293403
1187,0.0003873789479257539
1188,0.00048057691601570695
1189,0.00041455262835370376
1190,0.0004819287612917833
1191,0.000633007357828319
1192,0.0006117448181612417
1193,0.0003334262757562101
1194,0.0005542554514249787
1195,0.0003064267453737557
1196,0.0009555690237903036
1197,0.0003366576318512671
1198,0.0003349307444295846
1199,0.0003532746937707998
1200,0.00038914246542844924
1201,0.0008555876091122627
1202,0.00045138038258301093
1203,0.0006396745142410509
1204,0.00048259076138492676
1205,0.000508088877541013
1206,0.0003867437510052696
1207,0.00047908393462421374
1208,0.0004690879868576303
1209,0.00040292716585099697
1210,0.00039975877734832466
1211,0.0005185863949009218
1212,0.0005398448600317351
1213,0.0008113423828035593
1214,0.0004552577462163754
1215,0.0003747565599041991
1216,0.00046093382115941495
1217,0.0009558117133565247
1218,0.00047476206382270905
1219,0.000668926331854891
1220,0.000549181064707227
1221,0.0003742573317140341
1222,0.00032329928944818676
1223,0.00026259005389874803
1224,0.00042461855337023736
1225,0.00047645020531490446
1226,0.0004875755723332986
1227,0.00034321396669838576
1228,0.00038545418647117913
1229,0.0006746074446709827
1230,0.00037836341070942583
1231,0.00036736657784786075
1232,0.0005284644648781978
1233,0.00041975022468250246
1234,0.0006656924946582876
1235,0.00025376042030984537
1236,0.0007296259762370027
1237,0.0003646859055152163
1238,0.0004855137434788048
1239,0.00035964860289823265
1240,0.00045677219604840503
1241,0.00033555985282873735
1242,0.0005202943095355295
1243,0.0003689452278194949
1244,0.0005100776688777842
1245,0.0006674364427453839
1246,0.00040175012836698445
1247,0.0007570536705316045
1248,0.0011541336600203067
1249,0.00038428304105764255
1250,0.00035787390224868433
1251,0.00045259678736329077
1252,0.0004448516003321856
1253,0.0004954552452545613
1254,0.00035433447919785976
1255,0.0004779860930284485
1256,0.0005073502674349583
1257,0.00039426324947271495
1258,0.0008066283699008636
1259,0.00046511913242284206
1260,0.0005810826813103631
1261,0.000365832143870648
1262,0.0005596046656137332
1263,0.0007020153236226179
1264,0.0003627052647061646
1265,0.0009044315083883703
1266,0.000237128468870651
1267,0.0003748274684767239
1268,0.00040039159212028607
1269,0.0005398573193815537
1270,0.0005095638713100925
1271,0.0005920786512433551
1272,0.0003760984865948558
1273,0.000309971027309075
1274,0.0003451646291068755
1275,0.000379000321845524
1276,0.0004981915641110391
1277,0.0006022468325681985
1278,0.0003705609648022801
1279,0.00039329163846559825
1280,0.0003327882746816613
1281,0.00036149241641396656
1282,0.0003589630898204632
1283,0.0003916746747563593
1284,0.0004005669747130014
1285,0.0004120692989090458
1286,0.0004993616137653589
1287,0.0005135759987751953
1288,0.0007745298848021775
1289,0.00041338264563819396
1290,0.0004631727118976414
1291,0.00041922110540326685
1292,0.00034970244305441154
1293,0.0005238066543824971
1294,0.0004216125002130866
1295,0.0005257874581729993
1296,0.0005295706272590905
1297,0.0004466170255909674
1298,0.0003818688084720634
1299,0.0003777567384531721
1300,0.0006615500431507825
1301,0.0003961757873184979
1302,0.0003357684938237071
1303,0.0003991813035099767
1304,0.0004457995528355241
1305,0.00035073884355369956
1306,0.0006857321001007222
1307,0.0004804014417459257
1308,0.0003254913885029964
1309,0.00029657225823029874
1310,0.0002844540314981714
1311,0.00032306461507687346
1312,0.0004246104901540093
1313,0.00044941634259885175
1314,0.00038008793198969216
1315,0.0005282927209918853
1316,0.0004795143730007112
1317,0.0003707015886902809
1318,0.0004146883744397201
1319,0.0004170908199739642
1320,0.0003075976288528182
1321,0.0006616716855205595
1322,0.0004231841638102196
1323,0.00033418272068956866
1324,0.00031485853833146393
1325,0.00036163928743917497
1326,0.0006453714799135923
1327,0.0004023495450383052
1328,0.00035291080857859927
1329,0.00034109743864974007
1330,0.0003078122928855009
1331,0.00034963345242431385
1332,0.00044960060913581403
1333,0.0005394866762799211
1334,0.0003409723620279692
1335,0.0003536381875164807
1336,0.0002481153278495185
1337,0.000475186477706302
1338,0.0003464391265879385
1339,0.00043409873906057327
1340,0.0004553380931611173
1341,0.000488951150327921
1342,0.0003689633056637831
1343,0.00034630721202120183
1344,0.00032869222050067035
1345,0.00029880695801693947
1346,0.0005086648758151569
1347,0.00032107536680996417
1348,0.0002460321426042356
1349,0.0003078286870731972
1350,0.0003053463049582206
1351,0.0003199610917363316
1352,0.0008968410344095901
1353,0.0005256094736978412
1354,0.00043089344108011575
1355,0.00035817221651086585
1356,0.0004844352282816544
1357,0.0003097510154475458
1358,0.00030345913110068067
1359,0.0003308395185740665
1360,0.00030674150912091136
1361,0.0003326190315419808
1362,0.0004181776166660711
1363,0.0005248478002613411
1364,0.0005765255133155734
1365,0.00028307892935117704
1366,0.00029345719958655535
1367,0.00039924532757140696
1368,0.00026096610527019947
1369,0.0004528945326455869
1370,0.00029872066661482675
1371,0.0008733763170312159
1372,0.0004150933469645679
1373,0.000494124241231475
1374,0.0003481665306026116
1375,0.00025076493620872496
1376,0.0004978106313501485
1377,0.0006717569529428146
1378,0.00042273110448149965
1379,0.00020210253132972865
1380,0.000464694292168133
1381,0.00046624801179859785
1382,0.0004889903721050359
1383,0.0004909876181045548
1384,0.0005077195717603899
1385,0.00024224164080806078
1386,0.0004834024541196413
1387,0.0005853777533047832
1388,0.00032608162582619115
1389,0.0005176165577722713
1390,0.0013054826136794872
1391,0.0006290305740549229
1392,0.0005058575305156409
1393,0.0008480006275931373
1394,0.0004692540198448114
1395,0.0004375974793219939
1396,0.0006543078241520561
1397,0.0006184678903082385
1398,0.00027628264215309175
1399,0.0005629980121739208
1400,0.00023902233224362134
1401,0.0004144149585044943
1402,0.0004631756935850717
1403,0.0003136582163278945
1404,0.00030973757820902393
1405,0.0004533912317128852
1406,0.0004505268225329928
1407,0.0003454976191278547
1408,0.0004197267058771104
1409,0.0002976987219881266
1410,0.0003842890015221201
1411,0.0003529695066390559
1412,0.00045624348567798736
1413,0.0004442411329364404
1414,0.000267564550449606
1415,0.00042862860427703706
1416,0.0005328534301952459
1417,0.0004330697003751993
1418,0.000443720119073987
1419,0.00040668942529009655
1420,0.0008439910539891571
1421,0.00045475933293346313
1422,0.0008265964293968864
1423,0.00068941242643632
1424,0.0005533583433134481
1425,0.0004962202554452233
1426,0.0002757973452389706
1427,0.0004944241169141606
1428,0.000672037762706168
1429,0.0007260320853674784
1430,0.0003200992447091267
1431,0.0002776052555418573
1432,0.00030439246183959766
1433,0.0004627014131983742
1434,0.00036732274165842684
1435,0.00041238206322304907
1436,0.0005525152810150757
1437,0.0004985544655937701
1438,0.0004734599147923291
1439,0.0005184910842217505
1440,0.00039954081585165114
1441,0.00042652494739741086
1442,0.00029408718983177097
1443,0.0003755623518372886
1444,0.00029043521790299564
1445,0.0005466627335408702
1446,0.00045607422944158313
1447,0.00024586099752923476
1448,0.0003046881698537618
1449,0.00033674465958029033
1450,0.0002958676908747293
1451,0.0003138067142572254
1452,0.0004113237242563628
1453,0.00045066348247928544
1454,0.0005211523493926506
1455,0.0006989647896261886
1456,0.0004574471211526543
1457,0.00024152740807039663
1458,0.0002280397035065107
1459,0.0003769237009692006
1460,0.0003033834742382169
1461,0.0005263366037979722
1462,0.00035257556301075964
1463,0.0007282537830178626
1464,0.000526620025630109
1465,0.0003433139208937064
1466,0.0003630870196502656
1467,0.0002162804492400028
1468,0.0003253946575568989
1469,0.0003542153790476732
1470,0.0004099377169040963
1471,0.0003993567079305649
1472,0.00035967373551102353
1473,0.00048739369231043383
1474,0.00038905583787709477
1475,0.0004088769812369719
1476,0.00036072590737603607
1477,0.0003838565564365126
1478,0.0003649885708000511
1479,0.00040670648158993574
1480,0.0002851790239219554
1481,0.0003837720869341865
1482,0.0002841985202394426
1483,0.00028615200135391207
1484,0.00036799566150875763
1485,0.0005485494810272939
1486,0.0003187900299963076
1487,0.000403152167564258
1488,0.00037346905883168803
1489,0.00028737311804434286
1490,0.0003194327829987742
1491,0.00034862152533605696
1492,0.00044832562998635693
1493,0.0003297356262919493
1494,0.00031511879788013173
1495,0.00024986257194541394
1496,0.0002742753917118534
1497,0.0003266436164267361
1498,0.00040596098551759496
1499,0.0003338386202813126
1500,0.0004101165453903377
1501,0.00039497571997344495
1502,0.0005371657127398067
1503,0.0005940359609667212
1504,0.00030745849217055364
1505,0.00039176306017907336
1506,0.00028869235393358395
1507,0.00041696300613693895
1508,0.00033806733263190835
1509,0.00039424492279067637
1510,0.0002955794974695891
1511,0.00031972856231732294
1512,0.00027874927836819553
1513,0.00030799526430200783
1514,0.0003436461294768378
1515,0.0002988412306876853
1516,0.00041818327299552037
1517,0.00032936767674982546
1518,0.0002833784368704073
1519,0.0003839607714326121
1520,0.00029589748883154245
1521,0.0003431439574342221
1522,0.00031728294998174534
1523,0.0002562582099926658
1524,0.0003116846128250472
1525,0.0004347668043919839
1526,0.00028337351250229403
1527,0.0003789685390074737
1528,0.0005599790383712389
1529,0.0003175912919687107
1530,0.0005126462870975957
1531,0.0002615036355564371
1532,0.0003155684738885611
1533,0.0003064021118916571
1534,0.0004565447918139398
1535,0.00038777399458922446
1536,0.0004202999421977438
1537,0.00031704161228844895
1538,0.0002574110505520366
1539,0.00033884697331814094
1540,0.00034457785659469664
1541,0.0015481261507375166
1542,0.0006183677644003183
1543,0.0006372609379468486
1544,0.0003139007720164955
1545,0.000552020940813236
1546,0.00026899022341240195
1547,0.0004081618069903925
1548,0.0002718676681979559
1549,0.0003311015396320727
1550,0.0002812013059156016
1551,0.0004808482408407144
1552,0.00022136252227937802
1553,0.00031040519243106244
1554,0.00036103515594732016
1555,0.00040555401501478626
1556,0.00032623360893921924
1557,0.0009951463871402666
1558,0.0003178167680744082
1559,0.0006199831186677329
1560,0.00032491325255250557
1561,0.00035118981613777576
1562,0.0006617647537495941
1563,0.0003228899673558772
1564,0.00034156181500293313
1565,0.00035500876256264744
1566,0.00046671878662891687
1567,0.00047598452074453234
1568,0.00026143111754208805
1569,0.0003140541084576398
1570,0.0003792258532484993
1571,0.00034176853368990124
1572,0.0009303186583565548
1573,0.00034186606644652783
1574,0.00036359812511363996
1575,0.0004435514070792124
1576,0.00029001200018683446
1577,0.0003398251094040461
1578,0.0004114522133022547
1579,0.0007997083404916339
1580,0.0003203702712198719
1581,0.00038320514431688935
1582,0.0007284139268449507
1583,0.0005111617312650197
1584,0.0003966356016462669
1585,0.0005852764705196023
1586,0.00028073279827367514
1587,0.0003330763895064592
1588,0.00037873991386732085
1589,0.0003840408899122849
1590,0.0010491435328731312
1591,0.0002853941463399678
1592,0.0004409917877637781
1593,0.00037406987976282833
1594,0.0004112603535759263
1595,0.00034770260099321605
1596,0.0005665302844136022
1597,0.000524105574004352
1598,0.0004976866388460621
1599,0.000517620556638576
1600,0.0002684109844267368
1601,0.0005174750665901228
1602,0.00033898986293934286
1603,0.0003733767334779259
1604,0.0003507224639179185
1605,0.0003755809593712911
1606,0.0003193973301677033
1607,0.00027093743992736565
1608,0.00032531489559914915
1609,0.0008012059348402545
1610,0.000273089153051842
1611,0.00041512505849823357
1612,0.0003128834330709651
1613,0.00031208892323775217
1614,0.00039773957687430086
1615,0.0004663189960410818
1616,0.00033453069772804156
1617,0.0004216080473270267
1618,0.0002992865949636325
1619,0.000360718063893728
1620,0.00030185444775270297
1621,0.0003171743272105232
1622,0.00034957915340783074
1623,0.00039448983588954436
1624,0.0007803793938364834
1625,0.0004180954972980544
1626,0.00040921293548308314
1627,0.00034376559779047966
1628,0.00034155484463553875
1629,0.0002854291582480073
1630,0.00040361680585192515
1631,0.0003263274018536322
1632,0.00040802657458698376
1633,0.0002918291065725498
1634,0.0010266098761348985
1635,0.0002445952777634375
1636,0.00037952218553982675
1637,0.00027464004378998654
1638,0.0003405383715289645
1639,0.00041275325056631116
1640,0.000347407774097519
1641,0.0007414335617795586
1642,0.00031746387394377963
1643,0.00028037460797349925
1644,0.000317908737633843
1645,0.00031941761844791474
1646,0.0007564487677882425
1647,0.00042879492975771426
1648,0.0003924320073565468
1649,0.00044393088901415465
1650,0.00029479776276275516
1651,0.0003997978499683086
1652,0.00039670547848800195
1653,0.00036259593325667084
1654,0.0005164235582924448
1655,0.0004835434927372262
1656,0.00028729757032124325
1657,0.00042619811865733935
1658,0.00037514809737331233
1659,0.0002837124397046864
1660,0.0003490660586976446
1661,0.00024622064374852927
1662,0.00044750199595000595
1663,0.0003967657656176016
1664,0.00044679569982690736
1665,0.00035804203944280746
1666,0.00034935787552967665
1667,0.0002744258279562928
1668,0.000373791104357224
1669,0.00034720536641543733
1670,0.0002944273510365747
1671,0.00027167316002305595
1672,0.0002565126043919008
1673,0.0003065584154683165
1674,0.0004375461910967715
1675,0.0002529281104216352
1676,0.0002912512049078941
1677,0.0003339184040669352
1678,0.00029107779264450075
1679,0.00037809671048307794
1680,0.0002682874182937667
1681,0.0003889312210958451
1682,0.0005890753018320538
1683,0.00033328549179714175
1684,0.00026083140619448386
1685,0.0003219879436073825
1686,0.00032678591669537126
1687,0.00024155194623745046
1688,0.00028250558316358367
1689,0.0004540898880804889
1690,0.0007321269426029175
1691,0.000391128113551531
1692,0.000314843344676774
1693,0.0003734391764737666
1694,0.00034517110761953516
1695,0.00042958372505381704
1696,0.0006398761077434755
1697,0.0003675930740428157
1698,0.0003743051187484525
1699,0.0006185360529343597
1700,0.00026904591941274704
1701,0.0003550026274751872
1702,0.0003012434463016689
1703,0.0003242569611757062
1704,0.0002917690828326158
1705,0.000782238734245766
1706,0.00024494979588780553
1707,0.00037777755205752327
1708,0.0003007609469932504
1709,0.00046619244385510684
1710,0.00029476186027750374
1711,0.0004409973247675225
1712,0.0004213833948597312
1713,0.0003286708379164338
1714,0.0003276324699982069
1715,0.000512570772843901
1716,0.00042371050658402966
1717,0.0003240240039303899
1718,0.00040124688384821636
1719,0.0005495995705132372
1720,0.0004375678181531839
1721,0.00030012411589268594
1722,0.0003519282807246782
1723,0.00026195384416496383
1724,0.0003946988261304796
1725,0.00032888316345633937
1726,0.0004548331402475014
1727,0.0007788690330926329
1728,0.0005945287339272909
1729,0.0003700008790474385
1730,0.0003306980492197908
1731,0.00029024833493167533
1732,0.00036953832459403203
1733,0.0003288099578639958
1734,0.0003359813417773694
1735,0.00039969877689145507
1736,0.000476445525418967
1737,0.0003926063422113657
1738,0.00040845332987373697
1739,0.00044081305459258145
1740,0.00038967438886174934
1741,0.00039364980475511404
1742,0.00034315640514250847
1743,0.00035463790118228644
1744,0.00041302160534542056
1745,0.00024179012107197195
1746,0.0008589926495915279
1747,0.0010591096404823474
1748,0.000801718098227866
1749,0.0006727370273438282
1750,0.0006224326672963798
1751,0.00046402628940995784
1752,0.00036003229906782507
1753,0.0005585039558354765
1754,0.00033562016615178435
1755,0.0004734624904813245
1756,0.00038710008666384963
1757,0.0003016428934643045
1758,0.0004242359282216057
1759,0.0004214329150272533
1760,0.00044165914805489593
1761,0.0004342641230323352
1762,0.0004928272406687029
1763,0.0003604014505981468
1764,0.00034846440539695325
1765,0.0004407043583341874
1766,0.00033878778194775807
1767,0.00037888236838625746
1768,0.0002742414828389883
1769,0.00040266439464176074
1770,0.0002773180225631222
1771,0.000460976037720684
1772,0.0006820885668275878
1773,0.00037063663767185063
1774,0.0004030024108942598
1775,0.00036179332819301634
1776,0.00034258266678079965
1777,0.0002594400895759463
1778,0.0003339871618663892
1779,0.0003511433744279202
1780,0.0002590714822872542
1781,0.0002486295721610077
1782,0.0004347845038864762
1783,0.0002850998454960063
1784,0.00040514179272577167
1785,0.0004206310593872331
1786,0.00024521024170098826
1787,0.00034995815803995356
1788,0.0004410807276144624
1789,0.00026153067738050596
1790,0.00032292810792569073
1791,0.0007702362752752378
1792,0.00024583732010796666
1793,0.0004163350400631316
1794,0.00035557140508899463
1795,0.00027217425813432785
1796,0.00038539584929822015
1797,0.0003443991517997347
1798,0.0003162026987411082
1799,0.0003180345214786939
1800,0.0003223552092094906
1801,0.0005122025351738558
1802,0.00028523160144686697
1803,0.0006097524150391109
1804,0.0005179116924409755
1805,0.0003663281997432932
1806,0.00036936806718586014
1807,0.0003782688727369532
1808,0.00045615615963470193
1809,0.0002712554211029783
1810,0.00032144061697181314
1811,0.00043220269872108475
1812,0.0005310239372192882
1813,0.0004512856452492997
1814,0.0004118166281841695
1815,0.00033058132539736106
1816,0.0004848151642363518
1817,0.0002618674378027208
1818,0.0002566085735452361
1819,0.00033998277795035394
1820,0.00038237488333834333
1821,0.0002949059475213289
1822,0.0004799880538485013
1823,0.00035505024425219744
1824,0.00033523872552905233
1825,0.00028607666899915785
1826,0.0003521760721923783
1827,0.0005581800869549625
1828,0.0002531223464757204
1829,0.00029647861811099574
1830,0.00036507420954876577
1831,0.0003514503230690025
1832,0.00034557272447273136
1833,0.0004354198958026245
1834,0.00035431102878646925
1835,0.0003576998962671496
1836,0.0002681991114513949
1837,0.0003897273971233517
1838,0.0003455605692579411
1839,0.00035757689911406485
1840,0.00037411815428640695
1841,0.0003286152161308564
1842,0.00024091288942145183
1843,0.00037396403786260635
1844,0.0004165057631325908
1845,0.00026433874081703833
1846,0.0003139826949336566
1847,0.0002211931307101622
1848,0.00025461810146225615
1849,0.0005021519580623135
1850,0.0004960285688866862
1851,0.0004389223176985979
1852,0.0004074966214830056
1853,0.0003744452274986543
1854,0.0005550668080104515
1855,0.00029729911184404043
1856,0.0002561924833571538
1857,0.0006726825682562776
1858,0.00040327496390091255
1859,0.00042142581078223883
1860,0.0004370987226138823
1861,0.00040000163862714545
1862,0.00031657489453209566
1863,0.0004529602723778225
1864,0.0003967586613725871
1865,0.0003413547368836589
1866,0.0003589514562918339
1867,0.0003961211448768154
1868,0.00026258688885718586
1869,0.000249934357998427
1870,0.0003829274704912677
1871,0.00027035117673221973
1872,0.00026858120545512063
1873,0.00021569706150330602
1874,0.0005450867451145313
1875,0.0005434307735413313
1876,0.0004162333148997277
1877,0.0003970691541326232
1878,0.00034134293673560023
1879,0.0009452545884414576
1880,0.0006243279116461053
1881,0.00025531056307954715
1882,0.0005761962151154876
1883,0.0003072700405027717
1884,0.00036517250118777155
1885,0.0003443429333856329
1886,0.00030645290535176174
1887,0.0002785796605166979
1888,0.00032740524620749055
1889,0.0003030541862244718
1890,0.0004008367672213353
1891,0.0003586356819141656
1892,0.00028503658541012555
1893,0.00024897741968743503
1894,0.000640280538937077
1895,0.00030972225504228846
1896,0.0003206515815691091
1897,0.0003571229564840905
1898,0.0008212143598939292
1899,0.0003152784323901869
1900,0.00032660236611263825
1901,0.0005359735288948287
1902,0.0002813650746247731
1903,0.00030292390292743223
1904,0.00042437982629053297
1905,0.00037800690479343756
1906,0.00038206758035812526
1907,0.0002809354118653573
1908,0.00028104083612561225
1909,0.00027979096776107324
1910,0.00047884370433166624
1911,0.0003281744968262501
1912,0.00027610309043666346
1913,0.00027778643852798267
1914,0.00031588920392096044
1915,0.0002774744061753154
1916,0.000824290954915341
1917,0.00035144897410646083
1918,0.00027473361260490494
1919,0.000286182964919135
1920,0.0003208695896319114
1921,0.00048268118262058125
1922,0.00024063916789600625
1923,0.00040516848966944965
1924,0.0003054548637010157
1925,0.00027351630124030637
1926,0.000381226438912563
1927,0.0001843962054408621
1928,0.0003038768409169279
1929,0.00029997385427122937
1930,0.00029263905744301153
1931,0.0007583930739201606
1932,0.0005620122654363513
1933,0.0006809891681768931
1934,0.0003022701290319674
1935,0.00029499222291633486
1936,0.00020188068301649765
1937,0.00027835051660076717
1938,0.00035771300317719577
1939,0.00025120083591900766
1940,0.00032520174427190794
1941,0.0003972899430664256
1942,0.0003541111291269772
1943,0.0003772335825487971
1944,0.0002891149706556462
1945,0.00032142315758392214
1946,0.00039890431362437083
1947,0.00029047700081719086
1948,0.0002614389435620978
1949,0.0002430957683827728
1950,0.00040250296733574943
1951,0.00022313406370813026
1952,0.0005211837138631381
1953,0.0004166385784628801
1954,0.00028496044033090586
1955,0.0004515903143328615
1956,0.0003418284308281727
1957,0.0003785811408306472
1958,0.00036049939517397435
1959,0.00037197248602751645
1960,0.00028175490879220886
1961,0.00044708080386044455
1962,0.00025293916842201726
1963,0.00028017845179419967
1964,0.0002966174346511252
1965,0.0004755244357511401
1966,0.000979507625743281
1967,0.0004452701381524093
1968,0.0005446544251753949
1969,0.0003660715970909223
1970,0.00039498351397924123
1971,0.00047037994663696737
1972,0.0003496327917673625
1973,0.0004341623149230145
1974,0.0005608204926829785
1975,0.00046290161990327763
1976,0.00033357751090079546
1977,0.00029009437130298463
1978,0.0002969750828924589
1979,0.00023966835797182285
1980,0.00043285262217978014
1981,0.0002858970226952806
1982,0.0006548149947775527
1983,0.00028415052511263637
1984,0.0004828306773561053
1985,0.0003118606808129698
1986,0.0003765806555747986
1987,0.0002594018413219601
1988,0.00040210235893027856
1989,0.0004217255933326669
1990,0.0004141586949117482
1991,0.0002739164512604475
1992,0.00033731224393704904
1993,0.00024415761217824186
1994,0.0003193856537109241
1995,0.0004133289447054267
1996,0.00033227920648641883
1997,0.00023628010385436937
1998,0.000342593205277808
1999,0.000301805192430038
2000,0.00029490678425645454
2001,0.00039933677471708505
2002,0.00030181680267560296
2003,0.00029085073474561797
2004,0.00031453254632651806
2005,0.00027884269438800403
2006,0.00023958843812579289
2007,0.00031983216613298284
2008,0.00037407743075164036
2009,0.0003619861010520253
2010,0.0002732809967710637
2011,0.0005102344468468801
2012,0.00044233770458959045
2013,0.0002656297365319915
2014,0.0010846481600310653
2015,0.00030422616327996366
2016,0.0002739616844337434
2017,0.0003581032404326834
2018,0.0003631545201642439
2019,0.0004805901044164784
2020,0.0003262364960392006
2021,0.00039871424523880706
2022,0.00043040147720603273
2023,0.00024887764011509715
2024,0.00029755851574009284
2025,0.0003382022710866295
2026,0.0002518523935577832
2027,0.0002562309586210176
2028,0.0003872829198371619
2029,0.0004822432150831446
2030,0.00025806960111367515
2031,0.00032936640782281755
2032,0.00023865495750214906
2033,0.0003203160798875615
2034,0.000387996896461118
2035,0.00023872410965850577
2036,0.0003198516918928362
2037,0.00025406325003132226
2038,0.0003108271601377055
2039,0.0003366993769304827
2040,0.0002886288071749732
2041,0.00047670547355664893
2042,0.0003283835860202089
2043,0.0002740107986028306
2044,0.0003892775377607904
2045,0.00045562564046122136
2046,0.00029863372546969915
2047,0.0004049558119731955
2048,0.0002848025011189748
2049,0.00022161143861012533
2050,0.00029512459586840124
2051,0.0005886486585950478
2052,0.00036852028570137917
2053,0.0003856724710203707
2054,0.00030938824638724325
2055,0.0003396368003450334
2056,0.0002850547520210966
2057,0.00029985037981532513
2058,0.0003770208830246702
2059,0.00038939947407925504
2060,0.0002984732127515599
2061,0.0002948969340650365
2062,0.00029393008298939094
2063,0.0008728139102458954
2064,0.000702985747193452
2065,0.0004201890085823834
2066,0.0002502553383237682
2067,0.00047907336556818336
2068,0.00022023336496204137
2069,0.0003263148362748325
2070,0.0002909746181103401
2071,0.000327865409781225
2072,0.000401979178423062
2073,0.00034055113355861976
2074,0.0003563011254300363
2075,0.0003792545561736915
2076,0.0003148488991428167
2077,0.00029509263549698517
2078,0.0002752505155513063
2079,0.00026724250346887857
2080,0.00032825712114572527
2081,0.0002473669112077914
2082,0.0003852976937196217
2083,0.0002681549580302089
2084,0.0003151952521875501
2085,0.00031932986166793853
2086,0.0002785403819871135
2087,0.00035569824831327423
2088,0.00028855766577180476
2089,0.0003090534431976266
2090,0.0003132753961835988
2091,0.00033826419530669227
2092,0.00029386869282461704
2093,0.0002980920849950053
2094,0.0002780677968985401
2095,0.0002730111009441316
2096,0.0002672504750080407
2097,0.0008678952988702803
2098,0.000571233693335671
2099,0.0005104731753817759
2100,0.0005059164817794226
2101,0.00030942720622988417
2102,0.00023752656707074494
2103,0.0003031914442544803
2104,0.0003790490925894119
2105,0.0003076675864576828
2106,0.0003631324871093966
2107,0.00030269059934653344
2108,0.00036750660656252875
2109,0.0004298431405914016
2110,0.00027802199620055037
2111,0.0004377002769615501
2112,0.00027245753299212085
2113,0.00019349612994119526
2114,0.00036883096327073873
2115,0.00026740085741039366
2116,0.0003637712783529423
2117,0.00027992107206955554
2118,0.0003356855086167343
2119,0.00028371703665470706
2120,0.0005989671102724969
2121,0.0002283735157107003
2122,0.00023345066292677075
2123,0.00024166268995031714
2124,0.00018848168620024807
2125,0.000294596805179026
2126,0.0003766518537304364
2127,0.0002886942558689043
2128,0.000261033367132768
2129,0.00035170855117030444
2130,0.000313820356677752
2131,0.0004122730031667743
2132,0.00023285468050744386
2133,0.00048506340899621134
2134,0.00035308613296365366
2135,0.00021208394682616926
2136,0.0003397258900804445
2137,0.0002537272070185281
2138,0.00029947924849693663
2139,0.000364287436241284
2140,0.0008815982597297989
2141,0.00024714750761631874
2142,0.0004522401810390875
2143,0.0002766356454230845
2144,0.0002753942826529965
2145,0.0002491412567906082
2146,0.00027429398833191956
2147,0.00032737758592702446
2148,0.00035057622299063953
2149,0.0002682512960745953
2150,0.00032240892614936455
2151,0.0002949203364551067
2152,0.00020579296979121863
2153,0.0003695372404763475
2154,0.0002659767065779306
2155,0.0003980582099757157
2156,0.0005424760129244532
2157,0.0003160563224810176
2158,0.0004160273863817565
2159,0.0003205585846444592
2160,0.000317789678229019
2161,0.0002959656601888128
2162,0.0002707883104449138
2163,0.0003128213109448552
2164,0.00023541756236227228
2165,0.00034928302775369955
2166,0.00024399340618401765
2167,0.00029363774228841066
2168,0.00045036945812171325
2169,0.0003352919913595542
2170,0.00024070443614618853
2171,0.00024253227966255508
2172,0.0004993252252461389
2173,0.00031009079102659596
2174,0.00031254098284989596
2175,0.00026815031887963416
2176,0.00023834672756493092
2177,0.0002317259437404573
2178,0.0004029596573673189
2179,0.0003892892782459967
2180,0.0006797426904086024
2181,0.0003314890142064542
2182,0.0005685252443072386
2183,0.00025364154498674907
2184,0.00026779635954881086
2185,0.00037645706033799796
2186,0.00037315374647732823
2187,0.00027586126670939846
2188,0.0004067528367158957
2189,0.00035924606781918557
2190,0.0003880204923916608
2191,0.0002481987605278846
2192,0.0002885410271119326
2193,0.0004017468221718445
2194,0.00028685218712780624
2195,0.0003993173930211924
2196,0.0002942581893876195
2197,0.00027637035818770526
2198,0.0002498252819350455
2199,0.00025000689420267007
2200,0.00036146609127172267
2201,0.00023632107331650332
2202,0.00029085219284752384
2203,0.0004212644518702291
2204,0.00023276310821529478
2205,0.00026718352601164954
2206,0.00020790780254174024
2207,0.0002479656490322668
2208,0.00022258440003497526
2209,0.00030294638199848125
2210,0.00032309274101862686
2211,0.00033584197590244005
2212,0.00039265253581106664
2213,0.00022086942772148177
2214,0.00034963460639119147
2215,0.00023774833971401677
2216,0.00044515175322885626
2217,0.00044512189051602034
2218,0.0004175763562670909
2219,0.0004873210476944223
2220,0.000356405065394938
2221,0.0002957821838208474
2222,0.0002822154827299528
2223,0.0006959802645724267
2224,0.00029010017751716075
2225,0.00025269113248214123
2226,0.00046965840738266706
2227,0.00032672685629222544
2228,0.00025860457608359864
2229,0.0003626675854320638
2230,0.0003052799409488216
2231,0.00027771005989052355
2232,0.00024395479122176766
2233,0.00032423521333839743
2234,0.00034504382783779876
2235,0.0008536661785910838
2236,0.0006755318376235664
2237,0.0003049368053325452
2238,0.0002861210276023485
2239,0.0002832208730978891
2240,0.00039428211166523395
2241,0.00045520974235842006
2242,0.0003532195929437876
2243,0.0005099357222206891
2244,0.00022596157068619505
2245,0.0003001521254191175
2246,0.00035580869152909147
2247,0.0002848112242645584
2248,0.0002088041277602315
2249,0.0004174172310740687
2250,0.00031563418451696634
2251,0.00024273027520393953
2252,0.0003582742880098522
2253,0.00029457942000590267
2254,0.0011835387493192683
2255,0.00024777692306088284
2256,0.00045894848444731905
2257,0.0003775168603169732
2258,0.00037665269046556206
2259,0.00026185336027992887
2260,0.0002227041026344523
2261,0.0002582425615401007
2262,0.00025950740673579275
2263,0.00021468164486577735
2264,0.0002767359314020723
2265,0.0003537599666742608
2266,0.0002766258534393273
2267,0.00035405582166276873
2268,0.00027216250455239786
2269,0.0002139362259185873
2270,0.0004141619720030576
2271,0.00026914173577097245
2272,0.0002329645663849078
2273,0.0002714666799874976
2274,0.00026140018017031255
2275,0.00029706641435041093
2276,0.000346319806703832
2277,0.0003144687849271577
2278,0.0003588898078305647
2279,0.0006353515214868821
2280,0.00038442013901658357
2281,0.0003844295715680346
2282,0.0002909317467128858
2283,0.0005374554020818323
2284,0.00023946037545101716
2285,0.00024461934444843794
2286,0.000370507577463286
2287,0.00032233639212790876
2288,0.0002169569648685865
2289,0.0002547249765484594
2290,0.0002853346995834727
2291,0.00031292460189433766
2292,0.00020700292370747774
2293,0.00046089999086689203
2294,0.0003245015279389918
2295,0.00027978756043012254
2296,0.0004456733411643654
2297,0.00037786005705129353
2298,0.0007223474982311018
2299,0.0007631139320437797
2300,0.0004246596829034388
2301,0.00026327377709094434
2302,0.00028402314346749337
2303,0.00023332164055318573
2304,0.000285398997948505
2305,0.00030629725370090455
2306,0.0005285384395392612
2307,0.0005672998959198594
2308,0.00029402425425359977
2309,0.00021899644343648106
2310,0.0003544413601048291
2311,0.0005739882588386535
2312,0.00028623804537346586
2313,0.0003495032186037861
2314,0.0005286879852064886
2315,0.000277861172799021
2316,0.00044121159735368567
2317,0.0003968744131270796
2318,0.000402777103590779
2319,0.0002548947653849609
2320,0.00040216338529717175
2321,0.0004107197644771077
2322,0.00031782878504600377
2323,0.00025061866326723246
2324,0.000274735911807511
2325,0.0002357866964302957
2326,0.000707056799728889
2327,0.00022703504946548493
2328,0.0002573044184828177
2329,0.00019128237836412153
2330,0.00021996478317305447
2331,0.0002607525588246062
2332,0.0004081104809301905
2333,0.0004459554245840991
2334,0.00032129859609995035
2335,0.0002726560822338797
2336,0.00033537841227371246
2337,0.0003125902163446881
2338,0.0001860444368503522
2339,0.0003759612125577405
2340,0.00021778804730274715
2341,0.00028286127562751064
2342,0.0003564524566172622
2343,0.0003476288868114352
2344,0.0002669904279173352
2345,0.00040352697687922045
2346,0.0007749244599835947
2347,0.00042086046159965916
2348,0.00037938180903438477
2349,0.00040469750965712594
2350,0.00026972015330102296
2351,0.00024852432252373544
2352,0.00027878467517439276
2353,0.00026096769579453394
2354,0.0002659643883816898
2355,0.0002807469310937449
2356,0.0002902338863350451
2357,0.0004988103799405507
2358,0.00028864406485809015
2359,0.00027850943442899736
2360,0.00032233679958153515
2361,0.00030089571664575486
2362,0.00040783573203952985
2363,0.0003529237219481729
2364,0.0003503339670714922
2365,0.00026431139558553697
2366,0.0002506252742023207
2367,0.00034811832301784307
2368,0.0003667868484626524
2369,0.00030400660471059383
2370,0.0002884682544390671
2371,0.0002645060507347807
2372,0.00038201577990548685
2373,0.00039063120202627034
2374,0.000945576120284386
2375,0.000270346192701254
2376,0.00034931062837131324
2377,0.000263255690515507
2378,0.0007742343761492521
2379,0.001062011849717237
2380,0.00031647689756937326
2381,0.0003207447109161876
2382,0.0006661523555521853
2383,0.0005606442515272647
2384,0.0002973251241201069
2385,0.0002384879218880087
2386,0.0003877508832374588
2387,0.0003420062756049447
2388,0.0003222801416995935
2389,0.00038969757661107
2390,0.00024244503147201612
2391,0.0005241140112048015
2392,0.0003360624381457455
2393,0.00024899130658013747
2394,0.000326596581726335
2395,0.0002357394783757627
2396,0.0003383830626262352
2397,0.00036755425971932707
2398,0.00022282126737991348
2399,0.0003107976328465156
2400,0.00031469489476876333
2401,0.0003874263915349729
2402,0.00036576985876308755
2403,0.00041062061354750766
2404,0.00027575958738452756
2405,0.0003331346822960768
2406,0.00034042014012811703
2407,0.00024246292159659787
2408,0.0003217454141122289
2409,0.0003678514578496106
2410,0.0003044480705284514
2411,0.00043171609431738036
2412,0.0003507355504552834
2413,0.00022246655062190256
2414,0.0003548620035871863
2415,0.00027488306077430027
2416,0.0004114548079087399
2417,0.00028060719414497727
2418,0.00023892828030511737
2419,0.00023940688697621226
2420,0.0005556095755309797
2421,0.00048398776998510585
2422,0.00032100994721986356
2423,0.00036273323494242506
2424,0.00042201872856821864
2425,0.000371713588538114
2426,0.0002612866213894449
2427,0.00031337480468209835
2428,0.00039414255297742784
2429,0.0006287857409915887
2430,0.0003074880994972773
2431,0.0003377892004209571
2432,0.00045006969521637074
2433,0.0004757166054332629
2434,0.00035598575559561143
2435,0.0003920739240129478
2436,0.0002799496738589369
2437,0.00029625173629028724
2438,0.00026321292389184234
2439,0.00022517516190418975
2440,0.00022610197338508443
2441,0.0004455559828784317
2442,0.0004397580822114833
2443,0.0010717361670685931
2444,0.0003698749642353505
2445,0.0004811486986000091
2446,0.0003407256182981655
2447,0.00029188758053351195
2448,0.00032861259824130685
2449,0.00037625662807840856
2450,0.00032251906231977044
2451,0.000308967380260583
2452,0.0003882630437146872
2453,0.0002816945459926501
2454,0.0003269698208896443
2455,0.00045954713859828187
2456,0.00033534210233483465
2457,0.00031419026636285706
2458,0.00027930488722631707
2459,0.0003162211447488517
2460,0.0004238820431055501
2461,0.00045138161585782653
2462,0.0007868920249165968
2463,0.0005889952706638723
2464,0.0003404029936064035
2465,0.0005549929119297303
2466,0.00022867624793434515
2467,0.000379703009093646
2468,0.00043846696353284643
2469,0.00046353574289241805
2470,0.0003678874927572906
2471,0.00023285896459128707
2472,0.00033933369413716716
2473,0.000226486364408629
2474,0.00016210000321734697
2475,0.0008067211296292953
2476,0.0003092310027568601
2477,0.0003157196901156567
2478,0.0004301194421714172
2479,0.000356169389851857
2480,0.0001955311636265833
2481,0.0005952760795480572
2482,0.00027570304519031197
2483,0.000407537427963689
2484,0.00026186831964878363
2485,0.00024338842704310081
2486,0.0005629712832160294
2487,0.00030084028403507543
2488,0.0002828051641699858
2489,0.00019861496548401192
2490,0.0003499050755635835
2491,0.0003140507804346271
2492,0.0008740877965465188
2493,0.0006409632202121429
2494,0.0006109289126470685
2495,0.0005110285943374038
2496,0.0002658155033714138
2497,0.00034932525813928804
2498,0.000293473839701619
2499,0.0003358211164595559
2500,0.0002473792963428423
2501,0.00041078875656239686
2502,0.00031331143836723643
2503,0.0003270826244261116
2504,0.0005220469887717627
2505,0.0009272766998037696
2506,0.00022636600260739215
2507,0.00043938123562838884
2508,0.0005895527443499305
2509,0.00035449953720672055
2510,0.0008516983652953058
2511,0.0005843865525093861
2512,0.00040931902622105555
2513,0.000249357741267886
2514,0.0003533832961693406
2515,0.000279128851252608
2516,0.00031367912015412003
2517,0.00030629736284026876
2518,0.00028543058288050817
2519,0.0003180743136908859
2520,0.00039264113729586825
2521,0.0003226703105610795
2522,0.0005587297913734801
2523,0.0003154003308736719
2524,0.0006290381264989264
2525,0.0003498668418615125
2526,0.0003204038475814741
2527,0.0004026104375952855
2528,0.000320829758857144
2529,0.0005244553191005253
2530,0.00037827995984116567
2531,0.00019976572511950507
2532,0.0003614403118262999
2533,0.00031022383336676285
2534,0.0003403676557354629
2535,0.00033564915356691926
2536,0.0003426171708269976
2537,0.0002888771399739198
2538,0.0002533233622671105
2539,0.000269265916722361
2540,0.0002055376946373144
2541,0.0002970557572552934
2542,0.00038379204779630526
2543,0.0003141835375572555
2544,0.00034331631031818687
2545,0.00037802375009050594
2546,0.00032708589715184643
2547,0.00030452963546849786
2548,0.0002714734844630584
2549,0.0004889849456958473
2550,0.00026279442827217283
2551,0.0004275322557077743
2552,0.00022035591973690316
2553,0.00024393220664933323
2554,0.00026640082796802744
2555,0.0003656037719338201
2556,0.00041045827529160304
2557,0.0004070932074682787
2558,0.0004221713592414744
2559,0.00031583369927830064
2560,0.0003723000612808391
2561,0.00030032481299713254
2562,0.00025655119170551186
2563,0.0002222832292318344
2564,0.00032889163558138537
2565,0.0003102538408711553
2566,0.0002951783491880633
2567,0.00029042378009762614
2568,0.0002570012613432482
2569,0.00039445921720471233
2570,0.0003178375234710984
2571,0.0003151228971546516
2572,0.0002861705928808078
2573,0.00028530199197120967
2574,0.0006544870571815409
2575,0.0003905525372829288
2576,0.0002307122791535221
2577,0.0003776225225010421
2578,0.000862872951256577
2579,0.0002469555591233075
2580,0.00020795221280422993
2581,0.0002741822099778801
2582,0.00032437581976410004
2583,0.0002634269345435314
2584,0.00028571363509399816
2585,0.00038672672671964393
2586,0.00031617783824913206
2587,0.00029316284926608207
2588,0.00024211705167545005
2589,0.00023617914266651496
2590,0.0002175668181735091
2591,0.0003328153456095606
2592,0.00027491439541336147
2593,0.000336112649529241
2594,0.00020842703816015273
2595,0.0002518905632314272
2596,0.00029157508397474884
2597,0.0002602837746962905
2598,0.00026977294473908844
2599,0.00025674178323242813
2600,0.00024189822288462893
2601,0.00031740959821036085
2602,0.0003420511769945733
2603,0.0008573010636609979
2604,0.0002950226014945656
2605,0.00028859930898761377
2606,0.00020858806456089952
2607,0.0003830838162684813
2608,0.0002890808886149898
2609,0.0002805119758704677
2610,0.0003682308000861667
2611,0.0005383892941608793
2612,0.0004193252549157478
2613,0.00022189714945852757
2614,0.00027673550503095614
2615,0.00033649257675278933
2616,0.000299388708663173
2617,0.00031326472089858725
2618,0.00024963861505966634
2619,0.0003512615134241059
2620,0.000503643987030955
2621,0.0005122479757119436
2622,0.00041076916313613764
2623,0.0002787194935081061
2624,0.00021839921537321062
2625,0.00022525783570017665
2626,0.00021171601256355643
2627,0.00028907701635034756
2628,0.000286211674392689
2629,0.0002889793715439737
2630,0.00027117192948935556
2631,0.0004942164508975111
2632,0.00026280281963408925
2633,0.0002469687431585044
2634,0.0003391653728613164
2635,0.0002713323920033872
2636,0.00023117433884181082
2637,0.0003236545715481043
2638,0.00038467172998934984
2639,0.00032375642040278764
2640,0.0005205624082009308
2641,0.00030354705450008623
2642,0.00027023470756830647
2643,0.0003489413022180088
2644,0.00022262142883846536
2645,0.0002757034308160655
2646,0.0002765506593277678
2647,0.0002583973517175764
2648,0.00027011600468540564
2649,0.00032845221139723437
2650,0.00027819521055789665
2651,0.00021753036271547898
2652,0.000357779159094207
2653,0.00031946906383382154
2654,0.0003108620599959977
2655,0.00017922719562193378
2656,0.000280441469658399
2657,0.00027567018551053477
2658,0.0008220364419685211
2659,0.000294659890641924
2660,0.00031750417110743
2661,0.00023508478625444695
2662,0.00039878254756331444
2663,0.00041602494311518965
2664,0.0004073441581567749
2665,0.00020722181943710893
2666,0.00044800446194130926
2667,0.00034015257406281305
2668,0.000575737222970929
2669,0.00023466126876883208
2670,0.00031072363344719633
2671,0.00018883298325818033
2672,0.00030240214691730217
2673,0.00033391942706657575
2674,0.0002690868845093064
2675,0.000307345851615537
2676,0.000379151405650191
2677,0.0002612398428027518
2678,0.00029945127753308045
2679,0.00026828574991668577
2680,0.00027462522411951794
2681,0.000322101658093743
2682,0.0006671123366686516
2683,0.00027299452340230347
2684,0.0003183367665769765
2685,0.00018957035936182365
2686,0.0002444023244606797
2687,0.00025525056262267756
2688,0.00021068266505608335
2689,0.0002353586329263635
2690,0.00025110158894676716
2691,0.00023670755545026622
2692,0.0002937124911113642
2693,0.00034609330468811096
2694,0.00020472247269935905
2695,0.00028714334694086575
2696,0.00039135787083068865
2697,0.000495788520493079
2698,0.00034028132213279603
2699,0.0003242134363972582
2700,0.00028527647082228215
2701,0.000342671743419487
2702,0.00037554776135948484
2703,0.00036103060338064095
2704,0.00019535590836312623
2705,0.00030869428446749224
2706,0.0003273950547736604
2707,0.00024085189725155942
2708,0.00022976110776653513
2709,0.0002405092825938482
2710,0.00037656859058188275
2711,0.00031415826815646143
2712,0.0003605268735555001
2713,0.0004377974910312332
2714,0.000327003349957522
2715,0.00029542712727561595
2716,0.0003120982059044763
2717,0.00023694811316090635
2718,0.00021126033752807415
2719,0.0003077669534832239
2720,0.0002201838869950734
2721,0.00029965350186103026
2722,0.00023129902692744508
2723,0.0002558461274020374
2724,0.0002407705738733057
2725,0.0003030560430488549
2726,0.0003605800287914462
2727,0.00022844514242024161
2728,0.0003110214049229398
2729,0.00018788726156344638
2730,0.0002390422516327817
2731,0.0003225263790227473
2732,0.00026369484257884326
2733,0.0006283897051616805
2734,0.0002022601300268434
2735,0.00018315464112674817
2736,0.00019804488474619574
2737,0.000408660237735603
2738,0.00035959799570264297
2739,0.00024586917425040156
2740,0.0002477537331287749
2741,0.00032518023508600893
2742,0.00026193655648967253
2743,0.000498049522866495
2744,0.00029245562327560035
2745,0.0005638585760607384
2746,0.00023941804392961784
2747,0.0002472927604685538
2748,0.0002733579429332167
2749,0.00022880873293615878
2750,0.00023672056195209735
2751,0.00028212730394443496
2752,0.00026545284054009245
2753,0.00022392500104615465
2754,0.0004248103461577557
2755,0.0011350349494023248
2756,0.00037773521617054937
2757,0.00032603723811917005
2758,0.0003380003647180274
2759,0.00033026713936123997
2760,0.00045566393237095326
2761,0.00029508128136512823
2762,0.0002988692591316067
2763,0.0002889075185521506
2764,0.00031323258444899694
2765,0.00025813001848291607
2766,0.0012675425299676136
2767,0.0007230415329104289
2768,0.00028097159520257264
2769,0.0006389599322574214
2770,0.00036829607852268965
2771,0.00030863332940498365
2772,0.0010307022093911655
2773,0.0005486259746248834
2774,0.0003032581691513769
2775,0.0002616390571347438
2776,0.00034125969687011094
2777,0.0004058663689647801
2778,0.00033177005825564266
2779,0.0002731239903368987
2780,0.00039910042978590353
2781,0.00040270516474265604
2782,0.0004022928944323212
2783,0.000550753140123561
2784,0.00035121011460432784
2785,0.0002809109995723702
2786,0.0012965768626600038
2787,0.0007235017925268039
2788,0.0002417733776383102
2789,0.0005913617249461822
2790,0.00029077902145218103
2791,0.0003955619118642062
2792,0.0005478467777720652
2793,0.00046240184310590847
2794,0.00035450757859507577
2795,0.0002578286155767273
2796,0.0003386235701327678
2797,0.00031177001364994793
2798,0.00027610689867287876
2799,0.00036528663476929066
2800,0.0002819768647896126
2801,0.0002645319138537161
2802,0.00026977659435942767
2803,0.00029604897208628244
2804,0.00027901903231395406
2805,0.0005904657271457836
2806,0.0009221764616086148
2807,0.00042515314416959884
2808,0.00039730762218823654
2809,0.0003647785255452618
2810,0.00024999363668030126
2811,0.00020887960999971256
2812,0.0002506843971787021
2813,0.00037120501074241476
2814,0.00027890920464415105
2815,0.00037930057005723937
2816,0.00028023547783959655
2817,0.00031241983379004523
2818,0.00036851320619462057
2819,0.0002729902145802043
2820,0.00031840666924836113
2821,0.00029385824600467456
2822,0.0006506556979729794
2823,0.0002205016920925118
2824,0.0002178676484618336
2825,0.0003957221197197214
2826,0.0004188236896879971
2827,0.0003435738501138985
2828,0.00033368319127475844
2829,0.00026250693917972967
2830,0.00029128008463885635
2831,0.00035522638936527076
2832,0.0002989461412653327
2833,0.00028833966935053467
2834,0.00031997365440474825
2835,0.00036714684247272087
2836,0.0005696742591680959
2837,0.0003126223848084919
2838,0.00021499588328879326
2839,0.0003411939193028957
2840,0.00041416744788875804
2841,0.00040894249541452156
2842,0.00027171281399205325
2843,0.0002672861810424365
2844,0.0004311368495109491
2845,0.0008471795576042495
2846,0.000551928288768977
2847,0.0002741941891144961
2848,0.0003966931297327392
2849,0.0003711110926815309
2850,0.0003700108340126462
2851,0.00024388109377468937
2852,0.0004861674795392901
2853,0.00035564291174523533
2854,0.0003613067412516102
2855,0.0002768158723483793
2856,0.0003483892811345868
2857,0.00044834096770500763
2858,0.0006160231336252764
2859,0.0003197302619810216
2860,0.00027084613539045676
2861,0.0003315198118798435
2862,0.00045170871017035096
2863,0.00031373789679491895
2864,0.00030227001843741164
2865,0.0004266939518856816
2866,0.0002535144580178894
2867,0.00028702691197395324
2868,0.00034321826606174
2869,0.0002464960081852041
2870,0.00026906306884484367
2871,0.000230180642392952
2872,0.00021241715003270656
2873,0.00022766035253880547
2874,0.0005079563750769011
2875,0.00025563625240465626
2876,0.00021450186613947153
2877,0.00022782293090131133
2878,0.00021231465216260404
2879,0.000210008530120831
2880,0.0002834316110238433
2881,0.00037329507031245155
2882,0.00027220498595852404
2883,0.0003540873716701753
2884,0.0005909381005039904
2885,0.0002799590045469813
2886,0.00020618966373149307
2887,0.0003574856702471152
2888,0.0004043845969135873
2889,0.0003758507562451996
2890,0.0003678362714708783
2891,0.0002967040010844357
2892,0.0002948369990917854
2893,0.000296232191612944
2894,0.00026061821408802645
2895,0.00030399778624996544
2896,0.00019929413465433755
2897,0.00028200313172419553
2898,0.00023901501699583605
2899,0.00023274748309631832
2900,0.0002387330896453932
2901,0.0002156491857022047
2902,0.0002867101502488367
2903,0.00035267408820800484
2904,0.0003213643780327402
2905,0.00041668111080070955
2906,0.00025474378635408356
2907,0.00022432959885918536
2908,0.00029756879812339323
2909,0.0002793553183437325
2910,0.0003009757107065525
2911,0.00021012798679294066
2912,0.0004162292956607416
2913,0.0002965716674225405
2914,0.0005107955017592758
2915,0.0006388845038600266
2916,0.0003213333955500275
2917,0.0003186288682627492
2918,0.0002501489172573201
2919,0.0002672531292773783
2920,0.0008665213390486315
2921,0.0004492224048590288
2922,0.00020430494914762675
2923,0.0002470847241056617
2924,0.0004372357769170776
2925,0.0004805899210623465
2926,0.00027390107279643414
2927,0.00039648266101721674
2928,0.0006587836949620395
2929,0.00038665329630021005
2930,0.0003294132649898529
2931,0.0003611625128542073
2932,0.00022138833155622707
2933,0.0003913193242624402
2934,0.0007343383447732776
2935,0.0002989792468724772
2936,0.00031108122348086906
2937,0.0003058309041080065
2938,0.0003501761661027558
2939,0.00021539490844588727
2940,0.00038390473782783373
2941,0.0003570742323063314
2942,0.0005979500449029729
2943,0.0002964165876619518
2944,0.00024594499700469896
2945,0.0003287746454589069
2946,0.00027846239172504286
2947,0.000222974838106893
2948,0.0003627797283115797
2949,0.0002921320017776452
2950,0.00034918582823593167
2951,0.00026302986516384407
2952,0.000376811450405512
2953,0.00034839705185731875
2954,0.0002986424835398793
2955,0.0002563600108260289
2956,0.00033083647867897524
2957,0.0003071119645028375
2958,0.000729553987912368
2959,0.000394664888153784
2960,0.00020781319617526605
2961,0.00018439829582348466
2962,0.00030577077632187866
2963,0.00024332528628292493
2964,0.00041267604901804587
2965,0.0002805613446980715
2966,0.00021764542761957273
2967,0.0003747588096302934
2968,0.0002676890755537897
2969,0.00024568877852289007
2970,0.00029813975415891034
2971,0.00020725665817735716
2972,0.0002464763980242424
2973,0.0003732241515535861
2974,0.0002788472411339171
2975,0.00023492108884966002
2976,0.0003348739439388737
2977,0.0007188231757027097
2978,0.00024926670885179193
2979,0.0005064267155830748
2980,0.00018801140395225958
2981,0.00022106307151261717
2982,0.00022036124864825978
2983,0.00023838168854126707
2984,0.00030983559554442763
2985,0.00028485203220043334
2986,0.000519333545526024
2987,0.0003957423832616769
2988,0.0002382157319516409
2989,0.0002270730270538479
2990,0.0002602653679787181
2991,0.00037373885279521344
2992,0.00031283220305340366
2993,0.0003503714120597579
2994,0.0002744376368355006
2995,0.0003819806894171052
2996,0.0004905358378891833
2997,0.0003029364175745286
2998,0.00039004852587822827
2999,0.0003005023783771321
